id,time
1,0.003773
2,0.028014
3,0.005980
4,0.017899
5,0.017579
6,0.003422
7,0.005306
8,0.006939
9,0.005395
10,0.016019
11,0.008536
12,0.014080
13,0.027017
14,0.014558
15,0.014619
16,0.011566
17,0.006777
18,0.008754
19,0.011047
20,0.012170
21,0.012113
22,0.010603
23,0.014216
24,0.010774
25,0.014934
26,0.009021
27,0.015524
28,0.014168
29,0.015352
