id,time
13,0.825375
10,0.825202
4,0.826225
24,0.827174
27,0.830443
7,0.830411
26,0.831550
14,0.832537
15,0.834498
25,0.834604
11,0.838035
18,0.839305
21,0.838840
22,0.839848
23,0.841207
17,0.842650
29,0.843993
8,0.844364
1,0.844734
3,0.845065
12,0.845316
28,0.846860
20,1.428097
2,1.436439
9,1.468032
16,1.482100
5,1.482097
6,1.511598
19,2.205270
