id,time
6,0.805930
24,0.809396
12,0.810063
10,0.812019
2,0.815030
13,0.814566
27,0.817372
3,0.818062
29,0.820912
15,0.821660
26,0.822158
11,0.824212
17,0.825441
22,0.827514
5,0.829482
8,0.830309
18,0.831744
19,0.832786
14,0.832517
16,0.832121
28,0.835122
20,0.834725
23,0.835038
9,1.428377
1,1.439848
7,1.440040
21,1.440333
4,1.440919
25,1.452044
